model,native_k,method,recall,precision,mrr,ndcg,delta_recall_vs_routecast
qwen3,8,Paper Heatmap,0.4351872775399566,0.4351872775399566,0.7969153209807835,0.48591952254333215,-0.1206493976670539
qwen3,8,Request-aware Heatmap,0.433019833755046,0.433019833755046,0.7955817579692539,0.4834299877702599,-0.12281684145196453
qwen3,8,GRU-only,0.526821917917217,0.526821917917217,0.8893183530530079,0.5903000372510671,-0.029014757289793525
qwen3,8,TCN-only,0.5276899430820563,0.5276899430820563,0.8902402437821462,0.5936362824736222,-0.02814673212495422
qwen3,8,RouteCast V3,0.5558366752070105,0.5558366752070105,0.9012987993512187,0.6208074817513699,0.0
deepseek_r1,8,Paper Heatmap,0.21313336679606779,0.21313336679606779,0.5086720000382997,0.24134187204913485,-0.10409424565562928
deepseek_r1,8,Request-aware Heatmap,0.2121110179613007,0.2121110179613007,0.5076279426867447,0.24020639250055886,-0.10511659449039637
deepseek_r1,8,GRU-only,0.2705042682785737,0.2705042682785737,0.6715485457406938,0.32425993946863607,-0.04672334417312335
deepseek_r1,8,TCN-only,0.27174944243608706,0.27174944243608706,0.6706745441833337,0.32653909582323304,-0.04547817001561
deepseek_r1,8,RouteCast V3,0.31722761245169706,0.31722761245169706,0.7130871060816635,0.37433281794234885,0.0
llama4_maverick,1,Paper Heatmap,0.32976089040366385,0.32976089040366385,0.45932556383985973,0.32976089040366385,-0.030481148152092907
llama4_maverick,1,Request-aware Heatmap,0.3310589519650655,0.3310589519650655,0.4652759456472004,0.3310589519650655,-0.029183086590691243
llama4_maverick,1,GRU-only,0.2937546597081691,0.2937546597081691,0.4470477660471636,0.2937546597081691,-0.06648737884758765
llama4_maverick,1,TCN-only,0.30237068200376327,0.30237068200376327,0.44509470919456945,0.30237068200376327,-0.05787135655199349
llama4_maverick,1,RouteCast V3,0.36024203855575676,0.36024203855575676,0.498825360822378,0.36024203855575676,0.0
