model,native_k,seed,paper_recall,routecast_recall,delta,exceeded
qwen3,8,2024,0.4619865117193258,0.5596180777357378,0.09763156601641199,True
qwen3,8,2025,0.4619865117193258,0.5597962016608521,0.09780968994152628,True
qwen3,8,2026,0.4619865117193258,0.5558203528082158,0.09383384108889004,True
deepseek_r1,8,2024,0.1878609292799486,0.29702823179791976,0.10916730251797116,True
deepseek_r1,8,2025,0.1878609292799486,0.2880135335930284,0.10015260431307979,True
deepseek_r1,8,2026,0.1878609292799486,0.28760893136821813,0.09974800208826953,True
llama4_maverick,1,2024,0.3132866753472222,0.3275282118055556,0.01424153645833337,True
llama4_maverick,1,2025,0.3132866753472222,0.3307291666666667,0.017442491319444475,True
llama4_maverick,1,2026,0.3132866753472222,0.3261176215277778,0.01283094618055558,True
