model,method,K,recall,precision,best_neighbors,val_native_recall
qwen3,MoE-Infinity EAM,8,0.4477912633285834,0.4477912633285834,5,0.46150444053951367
qwen3,MoE-Infinity EAM,12,0.5569959707139698,0.3713306471426466,5,0.46150444053951367
qwen3,MoE-Infinity EAM,16,0.63734091690826,0.31867045845413,5,0.46150444053951367
deepseek_r1,MoE-Infinity EAM,8,0.14588771535279707,0.14588771535279707,5,0.1761583522661635
deepseek_r1,MoE-Infinity EAM,12,0.18652062166178066,0.12434708110785377,5,0.1761583522661635
deepseek_r1,MoE-Infinity EAM,16,0.22071703947632626,0.11035851973816313,5,0.1761583522661635
llama4_maverick,MoE-Infinity EAM,1,0.244873046875,0.244873046875,10,0.24108434606481483
llama4_maverick,MoE-Infinity EAM,2,0.3539767795138889,0.17698838975694445,10,0.24108434606481483
llama4_maverick,MoE-Infinity EAM,4,0.4716525607638889,0.11791314019097222,10,0.24108434606481483
llama4_maverick,MoE-Infinity EAM,8,0.5962456597222222,0.07453070746527778,10,0.24108434606481483
