model,capacity_multiplier,method,hit_rate,on_demand_loads,prefetch_loads,useful_prefetches,wasted_prefetches,prefetch_precision,total_transfers
qwen3,1,LRU,0.3750970468281657,1017392.0,0.0,0.0,0.0,0.0,1017392.0
qwen3,1,MoE-Infinity EAM,0.4397099651122795,912197.0,210427.0,19098.0,191329.0,0.09075831523521222,1122624.0
qwen3,1,RouteCast,0.43932054935875386,912831.0,818094.0,191431.0,626663.0,0.23399633782914922,1730925.0
qwen3,2,LRU,0.6574253107955383,557739.0,0.0,0.0,0.0,0.0,557739.0
qwen3,2,MoE-Infinity EAM,0.6288394919168592,604279.0,10781.0,10187.0,594.0,0.944903070216121,615060.0
qwen3,2,RouteCast,0.604359736622279,644134.0,569318.0,260474.0,308844.0,0.45751934771076974,1213452.0
qwen3,4,LRU,0.844794481843644,252687.0,0.0,0.0,0.0,0.0,252687.0
qwen3,4,MoE-Infinity EAM,0.8316968453638642,274011.0,10050.0,9499.0,551.0,0.9451741293532339,284061.0
qwen3,4,RouteCast,0.8015072969387254,323162.0,165976.0,133519.0,32457.0,0.8044476309827927,489138.0
deepseek_r1,1,LRU,0.1746857555921449,822046.0,0.0,0.0,0.0,0.0,822046.0
deepseek_r1,1,MoE-Infinity EAM,0.13741215212240473,859172.0,239168.0,13247.0,225921.0,0.05538784452769601,1098340.0
deepseek_r1,1,RouteCast,0.1995763222360548,797254.0,737024.0,78710.0,658314.0,0.10679435133726989,1534278.0
deepseek_r1,2,LRU,0.3309455443556484,666405.0,0.0,0.0,0.0,0.0,666405.0
deepseek_r1,2,MoE-Infinity EAM,0.2141761375045179,782712.0,23229.0,11895.0,11334.0,0.5120754229626759,805941.0
deepseek_r1,2,RouteCast,0.2730452592265371,724076.0,641695.0,112921.0,528774.0,0.17597300898401888,1365771.0
deepseek_r1,4,LRU,0.4501164611862977,547706.0,0.0,0.0,0.0,0.0,547706.0
deepseek_r1,4,MoE-Infinity EAM,0.3324133568932975,664943.0,10881.0,9691.0,1190.0,0.8906350519253745,675824.0
deepseek_r1,4,RouteCast,0.3745251194731135,622998.0,501345.0,151757.0,349588.0,0.302699737705572,1124343.0
llama4_maverick,1,LRU,0.2842068142361111,26387.0,0.0,0.0,0.0,0.0,26387.0
llama4_maverick,1,MoE-Infinity EAM,0.2503255208333333,27636.0,11927.0,333.0,11594.0,0.02791984572817976,39563.0
llama4_maverick,1,RouteCast,0.2155219184027778,28919.0,27404.0,2911.0,24493.0,0.1062253685593344,56323.0
llama4_maverick,2,LRU,0.3595648871527778,23609.0,0.0,0.0,0.0,0.0,23609.0
llama4_maverick,2,MoE-Infinity EAM,0.3643391927083333,23433.0,1247.0,215.0,1032.0,0.1724137931034483,24680.0
llama4_maverick,2,RouteCast,0.3088107638888889,25480.0,23508.0,4126.0,19382.0,0.1755147183937383,48988.0
llama4_maverick,4,LRU,0.4807400173611111,19142.0,0.0,0.0,0.0,0.0,19142.0
llama4_maverick,4,MoE-Infinity EAM,0.49755859375,18522.0,255.0,217.0,38.0,0.8509803921568627,18777.0
llama4_maverick,4,RouteCast,0.4200303819444444,21380.0,18596.0,5316.0,13280.0,0.2858679285867929,39976.0
