model,task,k,examples,recall,precision,avg_hits,waste,mrr,ndcg
qwen3,cross_token,8,203510,0.4619865117193258,0.4619865117193258,3.6958920937546065,0.5380134882806742,0.8335556158744439,0.5186198497835627
qwen3,cross_token,12,203510,0.5825960640754754,0.38839737605031693,4.660768512603803,0.611602623949683,0.8335556158744439,0.5884006853411216
qwen3,cross_token,16,203510,0.6695678345044469,0.33478391725222345,5.356542676035575,0.6652160827477765,0.8335556158744439,0.6330839831026651
qwen3,cross_layer,8,201345,0.5029805805954953,0.5029805805954953,4.023844644763963,0.49701941940450467,0.8758360694327286,0.5655528065936953
qwen3,cross_layer,12,201345,0.628877051826467,0.41925136788431133,5.031016414611736,0.5807486321156887,0.8758360694327286,0.6384186481887684
qwen3,cross_layer,16,201345,0.7156298889964986,0.3578149444982493,5.725039111971989,0.6421850555017508,0.8758360694327286,0.683003371937056
deepseek_r1,cross_token,8,124505,0.1878609292799486,0.1878609292799486,1.5028874342395888,0.8121390707200514,0.47106728284652855,0.21391939661154286
deepseek_r1,cross_token,12,124505,0.24071724027147504,0.16047816018098335,1.9257379221718003,0.8395218398190166,0.47106728284652855,0.24445766062172475
deepseek_r1,cross_token,16,124505,0.28425163648046264,0.14212581824023132,2.274013091843701,0.8578741817597687,0.47106728284652855,0.26680215596031137
deepseek_r1,cross_layer,8,122358,0.19010812533712548,0.19010812533712548,1.5208650026970039,0.8098918746628745,0.46598595760183,0.21510250179982968
deepseek_r1,cross_layer,12,122358,0.2439072230667386,0.16260481537782573,1.9512577845339087,0.8373951846221743,0.46598595760183,0.24619709476058838
deepseek_r1,cross_layer,16,122358,0.2877182121316138,0.1438591060658069,2.3017456970529104,0.8561408939341931,0.46598595760183,0.268688123195113
llama4_maverick,cross_token,1,36864,0.3132866753472222,0.3132866753472222,0.3132866753472222,0.6867133246527778,0.4309387780635255,0.3132866753472222
llama4_maverick,cross_token,2,36864,0.4103190104166667,0.20515950520833334,0.4103190104166667,0.7948404947916666,0.4309387780635255,0.3745072626010695
llama4_maverick,cross_token,4,36864,0.5211859809027778,0.13029649522569445,0.5211859809027778,0.8697035047743056,0.4309387780635255,0.4266310349049131
llama4_maverick,cross_token,8,36864,0.6392957899305556,0.07991197374131945,0.6392957899305556,0.9200880262586806,0.4309387780635255,0.468229895080885
llama4_maverick,cross_layer,1,35328,0.28051403985507245,0.28051403985507245,0.28051403985507245,0.7194859601449275,0.41372032172202255,0.28051403985507245
llama4_maverick,cross_layer,2,35328,0.39294610507246375,0.19647305253623187,0.39294610507246375,0.8035269474637681,0.41372032172202255,0.3514507750562323
llama4_maverick,cross_layer,4,35328,0.5231261322463768,0.1307815330615942,0.5231261322463768,0.8692184669384058,0.41372032172202255,0.4129105699055169
llama4_maverick,cross_layer,8,35328,0.6478996829710145,0.08098746037137682,0.6478996829710145,0.9190125396286232,0.41372032172202255,0.4569580474821196
