history,val_recall@8,val_precision@8,test_recall@8,test_precision@8
1,0.432982,0.432982,0.430589,0.430589
2,0.418298,0.418298,0.413239,0.413239
3,0.428535,0.428535,0.424214,0.424214
4,0.421737,0.421737,0.414721,0.414721
5,0.435698,0.435698,0.428518,0.428518
6,0.458393,0.458393,0.448111,0.448111
7,0.491478,0.491478,0.477756,0.477756
8,0.548922,0.548922,0.546616,0.546616
9,0.503234,0.503234,0.490065,0.490065
10,0.483589,0.483589,0.472400,0.472400
11,0.471769,0.471769,0.462349,0.462349
12,0.463130,0.463130,0.454327,0.454327
13,0.455983,0.455983,0.447694,0.447694
14,0.457056,0.457056,0.449275,0.449275
15,0.438200,0.438200,0.429753,0.429753
16,0.450092,0.450092,0.442805,0.442805
