layer,recall@8,positive_count
0,0.646393,155752
1,0.540712,155752
2,0.524886,155752
3,0.540359,155752
4,0.506132,155752
5,0.541938,155752
6,0.564243,155752
7,0.509393,155752
8,0.489053,155752
9,0.475955,155752
10,0.537861,155752
11,0.502889,155752
12,0.512565,155752
13,0.532391,155752
14,0.521778,155752
15,0.535858,155752
16,0.545682,155752
17,0.513367,155752
18,0.515024,155752
19,0.547165,155752
20,0.462845,155752
21,0.510228,155752
22,0.504783,155752
23,0.506857,155752
24,0.531756,155752
25,0.545630,155752
26,0.500848,155752
27,0.460610,155752
28,0.466254,155752
29,0.425009,155752
30,0.523846,155752
31,0.485227,155752
32,0.495551,155752
33,0.531081,155752
34,0.519428,155752
35,0.537444,155752
36,0.540288,155752
37,0.526163,155752
38,0.523313,155752
39,0.552738,155752
40,0.483910,155752
41,0.521406,155752
42,0.512263,155752
43,0.503807,155752
44,0.511306,155752
45,0.510799,155752
46,0.407167,155752
47,0.518645,155752
48,0.507756,155752
49,0.534735,155752
50,0.557450,155752
51,0.542824,155752
52,0.531724,155752
53,0.563691,155752
54,0.504469,155752
55,0.550548,155752
56,0.540834,155752
57,0.547698,155752
58,0.547601,155752
59,0.570773,155752
60,0.540288,155752
61,0.458068,155752
62,0.488828,155752
63,0.478832,155752
64,0.532199,155752
65,0.507178,155752
66,0.520115,155752
67,0.536950,155752
68,0.544558,155752
69,0.562099,155752
70,0.576763,155752
71,0.573579,155752
72,0.552141,155752
73,0.583973,155752
74,0.523781,155752
75,0.579273,155752
76,0.575768,155752
77,0.575813,155752
78,0.586901,155752
79,0.634188,155752
80,0.608018,155752
81,0.491191,155752
82,0.553681,155752
83,0.535723,155752
84,0.535120,155752
85,0.556975,155752
86,0.526998,155752
87,0.586567,155752
88,0.572352,155752
89,0.603113,155752
90,0.672762,155752
91,0.696967,155752
92,0.761120,155752
