model,native_k,variant,recall,delta_vs_full
qwen3,8,full,0.5558203528082158,0.0
qwen3,8,no_history,0.5410274679376935,-0.014792884870522327
qwen3,8,no_two_hop,0.5463263475996265,-0.00949400520858934
qwen3,8,no_prefill,0.5512437963736426,-0.00457655643457322
deepseek_r1,8,full,0.28760893136821813,0.0
deepseek_r1,8,no_history,0.26505260832898275,-0.022556323039235382
deepseek_r1,8,no_two_hop,0.29405746757158346,0.006448536203365329
deepseek_r1,8,no_prefill,0.29455443556483674,0.0069455041966186015
llama4_maverick,1,full,0.3261176215277778,0.0
llama4_maverick,1,no_history,0.3204752604166667,-0.005642361111111105
llama4_maverick,1,no_two_hop,0.3271484375,0.0010308159722222099
llama4_maverick,1,no_prefill,0.3257921006944444,-0.00032552083333337034
