seed,model,native_k,routecast_recall,tcn_recall,delta
2024,qwen3,8,0.5596180777357378,0.5267898383371824,0.03282823939855539
2024,deepseek_r1,8,0.29702823179791976,0.27027930605196576,0.026748925745954
2024,llama4_maverick,1,0.3275282118055556,0.3087022569444444,0.01882595486111116
2025,qwen3,8,0.5597962016608521,0.5272646307306766,0.032531570930175446
2025,deepseek_r1,8,0.2880135335930284,0.27239970282317977,0.015613830769848625
2025,llama4_maverick,1,0.3307291666666667,0.3041449652777778,0.026584201388888895
2026,qwen3,8,0.5558203528082158,0.5260042504053855,0.02981610240283039
2026,deepseek_r1,8,0.28760893136821813,0.2712220392755311,0.01638689209268701
2026,llama4_maverick,1,0.3261176215277778,0.305908203125,0.02020941840277779
