model,native_topk,prefetch_k,examples,recall,precision,avg_hits,wasted_prefetch_ratio
qwen3,8,8,146289,0.5835050824053757,0.5835050824053757,4.6680406592430055,0.4164949175946243
qwen3,8,12,146289,0.709678273827834,0.47311884921855596,5.677426190622672,0.526881150781444
qwen3,8,16,146289,0.7886161980736761,0.39430809903683806,6.308929584589409,0.6056919009631619
deepseek_r1,8,8,89590,0.2571883022658779,0.2571883022658779,2.0575064181270233,0.7428116977341221
deepseek_r1,8,12,89590,0.3164583100792499,0.21097220671949996,2.5316664806339992,0.7890277932805001
deepseek_r1,8,16,89590,0.3618484205826543,0.18092421029132716,2.8947873646612345,0.8190757897086729
llama4_maverick,1,1,47311,0.2847540741053878,0.2847540741053878,0.2847540741053878,0.7152459258946122
llama4_maverick,1,2,47311,0.40085815138128555,0.20042907569064278,0.40085815138128555,0.7995709243093572
llama4_maverick,1,4,47311,0.52894675656824,0.13223668914206,0.52894675656824,0.86776331085794
llama4_maverick,1,8,47311,0.6539705353934603,0.08174631692418254,0.6539705353934603,0.9182536830758175
