model,native_k,method,recall,delta_vs_routecast
qwen3,8,Paper Heatmap,0.4619865117193258,-0.09383384108889004
qwen3,8,Request-aware Heatmap,0.44349786251289863,-0.11232249029531721
qwen3,8,GRU-only,0.5262603803252911,-0.029559972482924746
qwen3,8,RouteCast V3,0.5558203528082158,0.0
deepseek_r1,8,Paper Heatmap,0.1878609292799486,-0.09974800208826953
deepseek_r1,8,Request-aware Heatmap,0.18783984578932572,-0.09976908557889241
deepseek_r1,8,GRU-only,0.2725743946026264,-0.015034536765591744
deepseek_r1,8,RouteCast V3,0.28760893136821813,0.0
llama4_maverick,1,Paper Heatmap,0.3132866753472222,-0.01283094618055558
llama4_maverick,1,Request-aware Heatmap,0.3178982204861111,-0.008219401041666685
llama4_maverick,1,GRU-only,0.3030598958333333,-0.023057725694444475
llama4_maverick,1,RouteCast V3,0.3261176215277778,0.0
