model,selection_mode,budget_cap,selected_mass,test_avg_k,test_recall,test_precision,capacity,policy,hit_rate,total_transfers,prefetch_precision,wasted_prefetches
qwen3,budget,8.0,0.8,7.866080290894796,0.5483852144857747,0.557721451300766,1,LRU,0.49324111837256157,825044.0,0.0,0.0
qwen3,budget,8.0,0.8,7.866080290894796,0.5483852144857747,0.557721451300766,1,fixed_native,0.5512155422337969,1250300.0,0.38082876128418935,321748.0
qwen3,budget,8.0,0.8,7.866080290894796,0.5483852144857747,0.557721451300766,1,adaptive_mass,0.5503071102157142,1232618.0,0.38919481619718593,305697.0
qwen3,budget,8.0,0.8,7.866080290894796,0.5483852144857747,0.557721451300766,1,adaptive_cache,0.5373065205641,996070.0,0.5456485203980755,110302.0
qwen3,budget,8.0,0.8,7.866080290894796,0.5483852144857747,0.557721451300766,2,LRU,0.695215837059604,496213.0,0.0,0.0
qwen3,budget,8.0,0.8,7.866080290894796,0.5483852144857747,0.557721451300766,2,fixed_native,0.7198749447201612,578970.0,0.5683704354618239,53049.0
qwen3,budget,8.0,0.8,7.866080290894796,0.5483852144857747,0.557721451300766,2,adaptive_mass,0.7193344307405042,576860.0,0.5701669529829712,51543.0
qwen3,budget,8.0,0.8,7.866080290894796,0.5483852144857747,0.557721451300766,2,adaptive_cache,0.7164273254385534,557499.0,0.5962742642454603,38685.0
qwen3,budget,8.0,0.8,7.866080290894796,0.5483852144857747,0.557721451300766,4,LRU,0.858452901577318,230450.0,0.0,0.0
qwen3,budget,8.0,0.8,7.866080290894796,0.5483852144857747,0.557721451300766,4,fixed_native,0.8694376197729842,253395.0,0.61196698425139,15843.0
qwen3,budget,8.0,0.8,7.866080290894796,0.5483852144857747,0.557721451300766,4,adaptive_mass,0.8692988059554813,253125.0,0.6111868693129695,15682.0
qwen3,budget,8.0,0.8,7.866080290894796,0.5483852144857747,0.557721451300766,4,adaptive_cache,0.8690905852292271,251662.0,0.6168280086164387,14764.0
deepseek_r1,budget,8.0,0.99,7.4609453435605,0.27314666077667565,0.2928815566380494,1,LRU,0.21781856150355408,779084.0,0.0,0.0
deepseek_r1,budget,8.0,0.99,7.4609453435605,0.27314666077667565,0.2928815566380494,1,fixed_native,0.2611531665394964,1333368.0,0.16122266912378838,501125.0
deepseek_r1,budget,8.0,0.99,7.4609453435605,0.27314666077667565,0.2928815566380494,1,adaptive_mass,0.2606993695032328,1267271.0,0.18038493269893652,435132.0
deepseek_r1,budget,8.0,0.99,7.4609453435605,0.27314666077667565,0.2928815566380494,1,adaptive_cache,0.24689771495120677,978008.0,0.29994119918556483,159535.0
deepseek_r1,budget,8.0,0.99,7.4609453435605,0.27314666077667565,0.2928815566380494,2,LRU,0.30447471989076746,692771.0,0.0,0.0
deepseek_r1,budget,8.0,0.99,7.4609453435605,0.27314666077667565,0.2928815566380494,2,fixed_native,0.3437713344845589,1061501.0,0.21987589213256153,318190.0
deepseek_r1,budget,8.0,0.99,7.4609453435605,0.27314666077667565,0.2928815566380494,2,adaptive_mass,0.3407885225492952,1007467.0,0.24523892312164758,264820.0
deepseek_r1,budget,8.0,0.99,7.4609453435605,0.27314666077667565,0.2928815566380494,2,adaptive_cache,0.32368780370266254,838844.0,0.32195992978633253,112019.0
deepseek_r1,budget,8.0,0.99,7.4609453435605,0.27314666077667565,0.2928815566380494,4,LRU,0.4231065017469178,574609.0,0.0,0.0
deepseek_r1,budget,8.0,0.99,7.4609453435605,0.27314666077667565,0.2928815566380494,4,fixed_native,0.4503985783703466,791336.0,0.2895154380081259,173295.0
deepseek_r1,budget,8.0,0.99,7.4609453435605,0.27314666077667565,0.2928815566380494,4,adaptive_mass,0.4459429340187141,761497.0,0.3086808437562609,144924.0
deepseek_r1,budget,8.0,0.99,7.4609453435605,0.27314666077667565,0.2928815566380494,4,adaptive_cache,0.4347014176137505,670817.0,0.36564677932756107,68356.0
llama4_maverick,budget,1.0,0.01,1.0,0.3261176215277778,0.3261176215277778,1,LRU,0.289794921875,26181.0,0.0,0.0
llama4_maverick,budget,1.0,0.01,1.0,0.3261176215277778,0.3261176215277778,1,fixed_native,0.3254123263888889,44565.0,0.212468903893994,15512.0
llama4_maverick,budget,1.0,0.01,1.0,0.3261176215277778,0.3261176215277778,1,adaptive_mass,0.3254123263888889,44565.0,0.212468903893994,15512.0
llama4_maverick,budget,1.0,0.01,1.0,0.3261176215277778,0.3261176215277778,1,adaptive_cache,0.3248969184027778,39995.0,0.2732327243844321,10980.0
llama4_maverick,budget,1.0,0.01,1.0,0.3261176215277778,0.3261176215277778,2,LRU,0.4057345920138889,21907.0,0.0,0.0
llama4_maverick,budget,1.0,0.01,1.0,0.3261176215277778,0.3261176215277778,2,fixed_native,0.4322374131944444,32555.0,0.2544516129032258,8667.0
llama4_maverick,budget,1.0,0.01,1.0,0.3261176215277778,0.3261176215277778,2,adaptive_mass,0.4322374131944444,32555.0,0.2544516129032258,8667.0
llama4_maverick,budget,1.0,0.01,1.0,0.3261176215277778,0.3261176215277778,2,adaptive_cache,0.4322645399305556,32546.0,0.254712920719635,8658.0
llama4_maverick,budget,1.0,0.01,1.0,0.3261176215277778,0.3261176215277778,4,LRU,0.5231119791666666,17580.0,0.0,0.0
llama4_maverick,budget,1.0,0.01,1.0,0.3261176215277778,0.3261176215277778,4,fixed_native,0.5433756510416666,24406.0,0.26515251551564767,5565.0
llama4_maverick,budget,1.0,0.01,1.0,0.3261176215277778,0.3261176215277778,4,adaptive_mass,0.5433756510416666,24407.0,0.2651175072616847,5566.0
llama4_maverick,budget,1.0,0.01,1.0,0.3261176215277778,0.3261176215277778,4,adaptive_cache,0.5433756510416666,24407.0,0.2651175072616847,5566.0
