model,selected_mass,test_avg_k,test_recall,test_precision,capacity,policy,hit_rate,total_transfers,prefetch_precision,wasted_prefetches
qwen3,0.7,12.25552552700113,0.6296312220529704,0.4110023487223159,1,LRU,0.49324111837256157,825044.0,0.0,0.0
qwen3,0.7,12.25552552700113,0.6296312220529704,0.4110023487223159,1,fixed_native,0.5512155422337969,1250300.0,0.38082876128418935,321748.0
qwen3,0.7,12.25552552700113,0.6296312220529704,0.4110023487223159,1,adaptive_mass,0.5463404746695494,2141122.0,0.14732326199548243,1195903.0
qwen3,0.7,12.25552552700113,0.6296312220529704,0.4110023487223159,1,adaptive_cache,0.5344675937300378,996347.0,0.5397004483627837,109746.0
qwen3,0.7,12.25552552700113,0.6296312220529704,0.4110023487223159,2,LRU,0.695215837059604,496213.0,0.0,0.0
qwen3,0.7,12.25552552700113,0.6296312220529704,0.4110023487223159,2,fixed_native,0.7198749447201612,578970.0,0.5683704354618239,53049.0
qwen3,0.7,12.25552552700113,0.6296312220529704,0.4110023487223159,2,adaptive_mass,0.7247027173111886,1052167.0,0.3071655289000449,418445.0
qwen3,0.7,12.25552552700113,0.6296312220529704,0.4110023487223159,2,adaptive_cache,0.719722618053167,616189.0,0.5215449569976545,76493.0
qwen3,0.7,12.25552552700113,0.6296312220529704,0.4110023487223159,4,LRU,0.858452901577318,230450.0,0.0,0.0
qwen3,0.7,12.25552552700113,0.6296312220529704,0.4110023487223159,4,fixed_native,0.8694376197729842,253395.0,0.61196698425139,15843.0
qwen3,0.7,12.25552552700113,0.6296312220529704,0.4110023487223159,4,adaptive_mass,0.8775195322097195,413023.0,0.4097745944807247,126081.0
qwen3,0.7,12.25552552700113,0.6296312220529704,0.4110023487223159,4,adaptive_cache,0.8771055476389367,313320.0,0.4977569367173564,56873.0
deepseek_r1,0.95,19.623645636721417,0.34378840207220596,0.14015271512195682,1,LRU,0.21781856150355408,779084.0,0.0,0.0
deepseek_r1,0.95,19.623645636721417,0.34378840207220596,0.14015271512195682,1,fixed_native,0.2611531665394964,1333368.0,0.16122266912378838,501125.0
deepseek_r1,0.95,19.623645636721417,0.34378840207220596,0.14015271512195682,1,adaptive_mass,0.24571001164611864,2796909.0,0.054070040858308,1935000.0
deepseek_r1,0.95,19.623645636721417,0.34378840207220596,0.14015271512195682,1,adaptive_cache,0.2446317416971206,1044406.0,0.263912145711556,214959.0
deepseek_r1,0.95,19.623645636721417,0.34378840207220596,0.14015271512195682,2,LRU,0.30447471989076746,692771.0,0.0,0.0
deepseek_r1,0.95,19.623645636721417,0.34378840207220596,0.14015271512195682,2,fixed_native,0.3437713344845589,1061501.0,0.21987589213256153,318190.0
deepseek_r1,0.95,19.623645636721417,0.34378840207220596,0.14015271512195682,2,adaptive_mass,0.32131239709248627,2334440.0,0.08535732375003015,1516880.0
deepseek_r1,0.95,19.623645636721417,0.34378840207220596,0.14015271512195682,2,adaptive_cache,0.32061262599895585,963299.0,0.2607169524288037,211880.0
deepseek_r1,0.95,19.623645636721417,0.34378840207220596,0.14015271512195682,4,LRU,0.4231065017469178,574609.0,0.0,0.0
deepseek_r1,0.95,19.623645636721417,0.34378840207220596,0.14015271512195682,4,fixed_native,0.4503985783703466,791336.0,0.2895154380081259,173295.0
deepseek_r1,0.95,19.623645636721417,0.34378840207220596,0.14015271512195682,4,adaptive_mass,0.42816151961768606,1658957.0,0.1390778082639439,937874.0
deepseek_r1,0.95,19.623645636721417,0.34378840207220596,0.14015271512195682,4,adaptive_cache,0.4308521746114614,789235.0,0.29618468928357794,156487.0
llama4_maverick,0.5,6.516954210069445,0.6099717881944444,0.09359767899734017,1,LRU,0.289794921875,26181.0,0.0,0.0
llama4_maverick,0.5,6.516954210069445,0.6099717881944444,0.09359767899734017,1,fixed_native,0.3254123263888889,44565.0,0.212468903893994,15512.0
llama4_maverick,0.5,6.516954210069445,0.6099717881944444,0.09359767899734017,1,adaptive_mass,0.3201768663194444,247722.0,0.020632261599471843,218067.0
llama4_maverick,0.5,6.516954210069445,0.6099717881944444,0.09359767899734017,1,adaptive_cache,0.3201497395833333,43356.0,0.2493167158631245,13733.0
llama4_maverick,0.5,6.516954210069445,0.6099717881944444,0.09359767899734017,2,LRU,0.4057345920138889,21907.0,0.0,0.0
llama4_maverick,0.5,6.516954210069445,0.6099717881944444,0.09359767899734017,2,fixed_native,0.4322374131944444,32555.0,0.2544516129032258,8667.0
llama4_maverick,0.5,6.516954210069445,0.6099717881944444,0.09359767899734017,2,adaptive_mass,0.4349772135416667,225802.0,0.030486942182628932,198724.0
llama4_maverick,0.5,6.516954210069445,0.6099717881944444,0.09359767899734017,2,adaptive_cache,0.4361165364583333,54606.0,0.1801058576539815,27728.0
llama4_maverick,0.5,6.516954210069445,0.6099717881944444,0.09359767899734017,4,LRU,0.5231119791666666,17580.0,0.0,0.0
llama4_maverick,0.5,6.516954210069445,0.6099717881944444,0.09359767899734017,4,fixed_native,0.5433756510416666,24406.0,0.26515251551564767,5565.0
llama4_maverick,0.5,6.516954210069445,0.6099717881944444,0.09359767899734017,4,adaptive_mass,0.5520562065972222,187345.0,0.044944741032125125,163154.0
llama4_maverick,0.5,6.516954210069445,0.6099717881944444,0.09359767899734017,4,adaptive_cache,0.556884765625,74188.0,0.12447064110763487,50652.0
