model,selection_mode,budget_cap,selected_mass,abstain_threshold,test_avg_k,test_recall,test_precision,capacity,policy,hit_rate,total_transfers,prefetch_precision,wasted_prefetches
qwen3,budget,8.0,0.8,0.05,7.866080290894796,0.5483852144857747,0.557721451300766,1,LRU,0.3750970468281657,1017392.0,0.0,0.0
qwen3,budget,8.0,0.8,0.05,7.866080290894796,0.5483852144857747,0.557721451300766,1,fixed_native,0.5512155422337969,1250300.0,0.38082876128418935,321748.0
qwen3,budget,8.0,0.8,0.05,7.866080290894796,0.5483852144857747,0.557721451300766,1,adaptive_mass,0.5503071102157142,1232618.0,0.38919481619718593,305697.0
qwen3,budget,8.0,0.8,0.05,7.866080290894796,0.5483852144857747,0.557721451300766,1,adaptive_cache,0.5043406957889047,842279.0,0.7356823202855038,9332.0
qwen3,budget,8.0,0.8,0.05,7.866080290894796,0.5483852144857747,0.557721451300766,2,LRU,0.6574253107955383,557739.0,0.0,0.0
qwen3,budget,8.0,0.8,0.05,7.866080290894796,0.5483852144857747,0.557721451300766,2,fixed_native,0.7198749447201612,578970.0,0.5683704354618239,53049.0
qwen3,budget,8.0,0.8,0.05,7.866080290894796,0.5483852144857747,0.557721451300766,2,adaptive_mass,0.7193344307405042,576860.0,0.5701669529829712,51543.0
qwen3,budget,8.0,0.8,0.05,7.866080290894796,0.5483852144857747,0.557721451300766,2,adaptive_cache,0.6977482678983834,498291.0,0.77761651346557,1379.0
qwen3,budget,8.0,0.8,0.05,7.866080290894796,0.5483852144857747,0.557721451300766,4,LRU,0.844794481843644,252687.0,0.0,0.0
qwen3,budget,8.0,0.8,0.05,7.866080290894796,0.5483852144857747,0.557721451300766,4,fixed_native,0.8694376197729842,253395.0,0.61196698425139,15843.0
qwen3,budget,8.0,0.8,0.05,7.866080290894796,0.5483852144857747,0.557721451300766,4,adaptive_mass,0.8692988059554813,253125.0,0.6111868693129695,15682.0
qwen3,budget,8.0,0.8,0.05,7.866080290894796,0.5483852144857747,0.557721451300766,4,adaptive_cache,0.8598336691071692,231524.0,0.7341962673088501,883.0
deepseek_r1,budget,8.0,1.0,0.15,8.0,0.28760893136821813,0.28760893136821813,1,LRU,0.1746857555921449,822046.0,0.0,0.0
deepseek_r1,budget,8.0,1.0,0.15,8.0,0.28760893136821813,0.28760893136821813,1,fixed_native,0.2611531665394964,1333368.0,0.16122266912378838,501125.0
deepseek_r1,budget,8.0,1.0,0.15,8.0,0.28760893136821813,0.28760893136821813,1,adaptive_mass,0.2611531665394964,1333368.0,0.16122266912378838,501125.0
deepseek_r1,budget,8.0,1.0,0.15,8.0,0.28760893136821813,0.28760893136821813,1,adaptive_cache,0.2212702301112405,782459.0,0.62160575370615,2578.0
deepseek_r1,budget,8.0,1.0,0.15,8.0,0.28760893136821813,0.28760893136821813,2,LRU,0.3309455443556484,666405.0,0.0,0.0
deepseek_r1,budget,8.0,1.0,0.15,8.0,0.28760893136821813,0.28760893136821813,2,fixed_native,0.3437713344845589,1061501.0,0.21987589213256153,318190.0
deepseek_r1,budget,8.0,1.0,0.15,8.0,0.28760893136821813,0.28760893136821813,2,adaptive_mass,0.3437713344845589,1061501.0,0.21987589213256153,318190.0
deepseek_r1,budget,8.0,1.0,0.15,8.0,0.28760893136821813,0.28760893136821813,2,adaptive_cache,0.30677181639291595,694581.0,0.6447047340165935,1456.0
deepseek_r1,budget,8.0,1.0,0.15,8.0,0.28760893136821813,0.28760893136821813,4,LRU,0.4501164611862977,547706.0,0.0,0.0
deepseek_r1,budget,8.0,1.0,0.15,8.0,0.28760893136821813,0.28760893136821813,4,fixed_native,0.4503985783703466,791336.0,0.2895154380081259,173295.0
deepseek_r1,budget,8.0,1.0,0.15,8.0,0.28760893136821813,0.28760893136821813,4,adaptive_mass,0.4503985783703466,791336.0,0.2895154380081259,173295.0
deepseek_r1,budget,8.0,1.0,0.15,8.0,0.28760893136821813,0.28760893136821813,4,adaptive_cache,0.42473896630657404,575808.0,0.655929203539823,972.0
llama4_maverick,budget,1.0,0.01,0.5,1.0,0.3261176215277778,0.3261176215277778,1,LRU,0.2842068142361111,26387.0,0.0,0.0
llama4_maverick,budget,1.0,0.01,0.5,1.0,0.3261176215277778,0.3261176215277778,1,fixed_native,0.3254123263888889,44565.0,0.212468903893994,15512.0
llama4_maverick,budget,1.0,0.01,0.5,1.0,0.3261176215277778,0.3261176215277778,1,adaptive_mass,0.3254123263888889,44565.0,0.212468903893994,15512.0
llama4_maverick,budget,1.0,0.01,0.5,1.0,0.3261176215277778,0.3261176215277778,1,adaptive_cache,0.2934841579861111,26803.0,0.3627968337730871,483.0
llama4_maverick,budget,1.0,0.01,0.5,1.0,0.3261176215277778,0.3261176215277778,2,LRU,0.3595648871527778,23609.0,0.0,0.0
llama4_maverick,budget,1.0,0.01,0.5,1.0,0.3261176215277778,0.3261176215277778,2,fixed_native,0.4322374131944444,32555.0,0.2544516129032258,8667.0
llama4_maverick,budget,1.0,0.01,0.5,1.0,0.3261176215277778,0.3261176215277778,2,adaptive_mass,0.4322374131944444,32555.0,0.2544516129032258,8667.0
llama4_maverick,budget,1.0,0.01,0.5,1.0,0.3261176215277778,0.3261176215277778,2,adaptive_cache,0.4098036024305556,22404.0,0.37248840803709427,406.0
llama4_maverick,budget,1.0,0.01,0.5,1.0,0.3261176215277778,0.3261176215277778,4,LRU,0.4807400173611111,19142.0,0.0,0.0
llama4_maverick,budget,1.0,0.01,0.5,1.0,0.3261176215277778,0.3261176215277778,4,fixed_native,0.5433756510416666,24406.0,0.26515251551564767,5565.0
llama4_maverick,budget,1.0,0.01,0.5,1.0,0.3261176215277778,0.3261176215277778,4,adaptive_mass,0.5433756510416666,24407.0,0.2651175072616847,5566.0
llama4_maverick,budget,1.0,0.01,0.5,1.0,0.3261176215277778,0.3261176215277778,4,adaptive_cache,0.5256076388888888,17979.0,0.3543788187372709,317.0
